open,high,low,close,volume,timestamp
24818.55078125,24868.599609375,24759.0,24779.35,0.0,1766528820
24780.15,24826.2,24773.2,24799.1,0.0,1766528880
24798.3,24808.25,24771.05,24794.95,0.0,1766528940
24794.95,24805.7,24784.0,24792.4,0.0,1766529000
24791.9,24791.9,24754.849609375,24755.95,0.0,1766529060
24756.5,24769.5,24741.900390625,24751.25,0.0,1766529120
24751.35,24780.85,24737.55078125,24762.7,0.0,1766529180
24762.95,24782.1,24753.3,24756.95,0.0,1766529240
24758.2,24795.3,24755.65,24774.4,0.0,1766529300
24773.4,24788.0,24735.94921875,24742.2,0.0,1766529360
24741.55,24743.4,24703.349609375,24714.9,0.0,1766529420
24714.7,24715.05,24638.400390625,24663.55,0.0,1766529480
24663.95,24663.95,24629.44921875,24656.6,0.0,1766529540
24656.7,24674.65,24630.35,24654.15,0.0,1766529600
24654.3,24674.55,24641.5,24673.1,0.0,1766529660
24728.55078125,24743.75,24668.150390625,24736.05,0.0,1766529720
24736.4,24767.5,24729.65,24753.15,0.0,1766529780
24753.7,24791.30078125,24742.1,24771.5,0.0,1766529840
24771.75,24775.65,24735.5,24735.5,0.0,1766529900
24735.0,24764.4,24725.1,24737.5,0.0,1766529960
24737.3,24742.65,24654.349609375,24672.25,0.0,1766530020
24672.25,24676.15,24642.19921875,24643.5,0.0,1766530080
24643.6,24667.75,24633.19921875,24652.45,0.0,1766530140
24652.95,24653.95,24606.19921875,24640.05,0.0,1766530200
24640.4,24697.0,24630.9,24696.05,0.0,1766530260
24695.35,24720.25,24673.25,24697.95,0.0,1766530320
24698.8,24738.35,24685.95,24723.85,0.0,1766530380
24725.15,24745.9,24709.75,24715.15,0.0,1766530440
24715.55,24719.6,24615.5,24616.7,0.0,1766530500
24617.0,24691.45,24614.15,24677.55,0.0,1766530560
24691.94921875,24731.80078125,24650.849609375,24655.25,0.0,1766530620
24654.45,24679.0,24636.0,24668.7,0.0,1766530680
24668.05,24671.95,24618.94921875,24624.0,0.0,1766530740
24624.0,24629.35,24593.94921875,24628.0,0.0,1766530800
24628.15,24670.7,24627.65,24664.4,0.0,1766530860
24664.6,24683.5,24636.95,24642.05,0.0,1766530920
24642.45,24657.55,24625.6,24648.45,0.0,1766530980
24649.05,24682.7,24641.6,24677.2,0.0,1766531040
24677.05,24683.45,24646.7,24652.65,0.0,1766531100
24652.6,24680.05,24645.1,24653.95,0.0,1766531160
24654.1,24654.4,24627.4,24644.7,0.0,1766531220
24644.65,24650.6,24600.4,24623.9,0.0,1766531280
24624.2,24652.8,24587.69921875,24631.95,0.0,1766531340
24632.9,24654.0,24603.65,24614.85,0.0,1766531400
24614.2,24634.9,24598.15,24633.6,0.0,1766531460
24620.55078125,24673.05078125,24605.94921875,24669.8,0.0,1766531520
24669.95,24694.05078125,24633.8,24641.4,0.0,1766531580
24639.55,24671.4,24617.7,24663.45,0.0,1766531640
24663.35,24695.400390625,24649.4,24673.45,0.0,1766531700
24673.25,24730.400390625,24673.1,24721.05,0.0,1766531760
24721.0,24776.349609375,24709.95,24776.0,0.0,1766531820
24776.05,24809.400390625,24769.75,24796.55,0.0,1766531880
24797.05,24812.0,24757.5,24765.35,0.0,1766531940
24765.7,24781.25,24747.05,24753.5,0.0,1766532000
24752.95,24775.75,24747.45,24773.75,0.0,1766532060
24773.3,24792.95,24770.7,24774.6,0.0,1766532120
24775.75,24811.5,24763.0,24795.2,0.0,1766532180
24796.15,24850.599609375,24775.75,24839.4,0.0,1766532240
24839.15,24867.94921875,24816.2,24837.6,0.0,1766532300
24837.4,24853.4,24820.3,24853.4,0.0,1766532360
24759.55078125,24855.69921875,24747.55078125,24786.0,0.0,1766532420
24785.3,24833.8,24773.55,24813.3,0.0,1766532480
24813.35,24821.15,24780.85,24812.6,0.0,1766532540
24812.3,24822.35,24772.95,24797.2,0.0,1766532600
24797.15,24831.5,24788.85,24823.4,0.0,1766532660
24823.3,24832.55,24810.45,24821.4,0.0,1766532720
24821.65,24850.0,24811.5,24842.3,0.0,1766532780
24842.15,24850.75,24798.2,24803.05,0.0,1766532840
24802.1,24835.55,24796.8,24826.2,0.0,1766532900
24827.55,24847.0,24812.45,24834.5,0.0,1766532960
24834.2,24839.1,24811.95,24822.9,0.0,1766533020
24822.6,24841.7,24808.15,24809.05,0.0,1766533080
24808.15,24867.44921875,24808.15,24867.05,0.0,1766533140
24866.85,24898.19921875,24864.35,24896.45,0.0,1766533200
24896.1,24904.80078125,24879.5,24895.0,0.0,1766533260
24916.55078125,24943.05078125,24881.650390625,24926.85,0.0,1766533320
24926.45,24967.85,24922.15,24955.65,0.0,1766533380
24955.75,24978.5,24946.45,24966.3,0.0,1766533440
24966.45,24989.94921875,24960.85,24981.45,0.0,1766533500
24981.5,25016.55078125,24977.85,24996.0,0.0,1766533560
24995.85,25015.55,24994.3,25006.2,0.0,1766533620
25005.6,25007.95,24984.45,24999.4,0.0,1766533680
24999.55,25013.45,24995.3,25005.65,0.0,1766533740
25005.35,25040.349609375,24998.5,25038.75,0.0,1766533800
25039.4,25063.599609375,25035.6,25048.2,0.0,1766533860
25048.45,25088.400390625,25048.2,25058.65,0.0,1766533920
25057.2,25084.85,25026.15,25059.75,0.0,1766533980
25059.65,25072.85,25032.45,25070.8,0.0,1766534040
25070.95,25095.94921875,25048.5,25072.4,0.0,1766534100
25073.15,25084.65,25064.6,25072.55,0.0,1766534160
25085.30078125,25139.69921875,25076.30078125,25133.1,0.0,1766534220
25131.6,25202.19921875,25131.6,25199.9,0.0,1766534280
25198.7,25199.4,25169.85,25177.0,0.0,1766534340
25176.85,25195.95,25156.4,25162.95,0.0,1766534400
25162.5,25169.15,25140.25,25140.9,0.0,1766534460
25141.0,25142.05,25098.2,25121.7,0.0,1766534520
25121.65,25166.75,25109.0,25162.1,0.0,1766534580
25161.8,25175.3,25140.6,25156.3,0.0,1766534640
25157.15,25179.1,25150.0,25174.6,0.0,1766534700
25174.2,25201.15,25170.85,25193.35,0.0,1766534760
25192.6,25217.05078125,25165.85,25206.5,0.0,1766534820
25206.2,25214.55,25189.8,25212.55,0.0,1766534880
25212.25,25220.900390625,25129.65,25140.5,0.0,1766534940
25141.4,25167.25,25115.25,25123.15,0.0,1766535000
25123.1,25129.65,25085.9,25112.8,0.0,1766535060
25079.75,25187.19921875,25078.0,25180.15,0.0,1766535120
25179.2,25192.5,25137.3,25155.4,0.0,1766535180
25154.7,25175.4,25114.9,25132.15,0.0,1766535240
25132.85,25136.65,25103.55,25103.6,0.0,1766535300
25103.6,25110.9,25025.94921875,25035.05,0.0,1766535360
25033.3,25057.4,25022.5,25038.3,0.0,1766535420
25038.3,25069.85,25029.45,25039.35,0.0,1766535480
25038.1,25052.2,25008.5,25021.8,0.0,1766535540
25020.65,25086.0,25020.65,25086.0,0.0,1766535600
25085.75,25111.95,25069.4,25100.05,0.0,1766535660
25099.3,25131.95,25087.7,25122.75,0.0,1766535720
25123.0,25134.35,25051.15,25070.3,0.0,1766535780
25073.2,25083.3,25052.75,25078.15,0.0,1766535840
25077.75,25084.85,25045.55,25059.5,0.0,1766535900
25060.1,25064.6,25022.35,25023.8,0.0,1766535960
25074.3,25120.349609375,25039.099609375,25097.75,0.0,1766536020
25097.85,25099.7,25034.75,25054.75,0.0,1766536080
25054.9,25085.3,25024.3,25078.45,0.0,1766536140
25078.8,25109.65,25076.95,25088.85,0.0,1766536200
25088.65,25157.69921875,25084.25,25136.25,0.0,1766536260
25136.3,25174.599609375,25131.2,25154.4,0.0,1766536320
25154.9,25181.25,25122.9,25132.05,0.0,1766536380
25132.05,25161.4,25130.65,25144.4,0.0,1766536440
25144.55,25154.05,25121.45,25134.6,0.0,1766536500
25135.0,25147.75,25119.75,25133.45,0.0,1766536560
25133.45,25159.1,25127.7,25145.25,0.0,1766536620
25145.1,25182.45,25139.1,25140.25,0.0,1766536680
25139.7,25160.55,25120.5,25154.65,0.0,1766536740
25156.95,25193.75,25126.4,25182.25,0.0,1766536800
25182.1,25199.25,25160.9,25170.3,0.0,1766536860
25167.650390625,25257.0,25156.849609375,25244.2,0.0,1766536920
25243.95,25285.099609375,25235.5,25273.3,0.0,1766536980
25273.45,25300.099609375,25248.75,25276.2,0.0,1766537040
25275.8,25291.85,25257.75,25291.6,0.0,1766537100
25291.3,25315.55078125,25284.85,25303.7,0.0,1766537160
25302.85,25302.85,25266.85,25284.35,0.0,1766537220
25284.8,25298.6,25274.8,25278.4,0.0,1766537280
25279.05,25294.8,25274.35,25282.0,0.0,1766537340
25280.95,25321.69921875,25275.0,25313.9,0.0,1766537400
25314.65,25323.5,25292.5,25317.0,0.0,1766537460
25317.75,25330.75,25279.55,25313.6,0.0,1766537520
25312.55,25324.6,25297.55,25305.8,0.0,1766537580
25305.7,25316.1,25294.1,25300.95,0.0,1766537640
25301.25,25308.5,25266.25,25279.95,0.0,1766537700
25280.75,25298.0,25274.65,25278.2,0.0,1766537760
25177.30078125,25241.94921875,25152.30078125,25201.9,0.0,1766537820
25201.35,25232.45,25185.0,25192.2,0.0,1766537880
25192.75,25209.5,25173.0,25206.3,0.0,1766537940
25207.85,25229.4,25193.05,25193.85,0.0,1766538000
25193.6,25201.25,25175.25,25178.45,0.0,1766538060
25178.35,25186.05,25161.9,25179.45,0.0,1766538120
25179.2,25202.0,25171.55,25178.95,0.0,1766538180
25178.3,25203.4,25175.65,25182.9,0.0,1766538240
25182.8,25210.65,25173.5,25207.7,0.0,1766538300
25207.3,25217.95,25168.85,25180.25,0.0,1766538360
25180.35,25214.85,25177.9,25214.35,0.0,1766538420
25214.7,25222.4,25176.65,25207.5,0.0,1766538480
25210.75,25267.30078125,25195.55,25247.7,0.0,1766538540
25247.65,25256.55,25215.25,25215.5,0.0,1766538600
25215.95,25246.25,25215.45,25237.15,0.0,1766538660
25277.55,25310.35,25248.15,25248.35,0.0,1766538720
25249.45,25263.8,25185.3,25194.7,0.0,1766538780
25194.7,25213.0,25164.75,25210.45,0.0,1766538840
25210.3,25240.25,25194.55,25204.95,0.0,1766538900
25204.7,25212.4,25137.75,25140.8,0.0,1766538960
25141.4,25157.8,25115.55,25144.85,0.0,1766539020
25144.15,25169.2,25109.15,25116.15,0.0,1766539080
25115.4,25128.5,25084.55,25104.7,0.0,1766539140
25105.9,25110.85,25060.55,25098.1,0.0,1766539200
25098.6,25107.7,25065.65,25096.45,0.0,1766539260
25096.65,25137.95,25091.7,25128.85,0.0,1766539320
25128.9,25135.1,25095.05,25122.75,0.0,1766539380
25123.0,25197.45,25099.2,25169.25,0.0,1766539440
25170.0,25192.9,25134.75,25150.55,0.0,1766539500
25150.4,25165.25,25112.7,25123.35,0.0,1766539560
25181.95,25267.95,25159.35,25223.4,0.0,1766539620
25223.3,25239.2,25209.1,25216.1,0.0,1766539680
25215.75,25279.45,25213.65,25273.65,0.0,1766539740
25274.9,25308.5,25273.75,25305.35,0.0,1766539800
25306.2,25326.45,25287.0,25292.4,0.0,1766539860
25292.7,25322.9,25290.3,25304.85,0.0,1766539920
25304.2,25315.65,25288.85,25302.85,0.0,1766539980
25302.55,25313.45,25282.7,25309.8,0.0,1766540040
25310.45,25331.9,25301.1,25331.05,0.0,1766540100
25331.35,25353.9,25324.7,25343.0,0.0,1766540160
25343.2,25365.15,25337.85,25346.7,0.0,1766540220
25346.55,25352.4,25311.9,25326.9,0.0,1766540280
25328.25,25337.95,25312.45,25324.35,0.0,1766540340
25325.8,25336.85,25287.1,25312.5,0.0,1766540400
25312.4,25336.65,25310.1,25327.75,0.0,1766540460
25394.900390625,25440.94921875,25376.849609375,25413.8,0.0,1766540520
25414.1,25452.75,25412.0,25443.95,0.0,1766540580
25443.7,25459.1,25417.55,25453.25,0.0,1766540640
25452.9,25466.05078125,25450.55,25458.4,0.0,1766540700
25458.55,25472.650390625,25455.8,25461.2,0.0,1766540760
25461.5,25468.45,25445.25,25447.1,0.0,1766540820
25447.0,25466.75,25441.6,25455.0,0.0,1766540880
25455.45,25508.400390625,25454.45,25507.25,0.0,1766540940
25507.4,25519.30078125,25493.35,25503.85,0.0,1766541000
25503.8,25527.44921875,25499.4,25517.6,0.0,1766541060
25517.75,25544.30078125,25515.2,25539.0,0.0,1766541120
25538.8,25577.05078125,25524.5,25551.85,0.0,1766541180
25552.65,25621.849609375,25552.6,25602.1,0.0,1766541240
25601.5,25625.400390625,25581.55,25599.4,0.0,1766541300
25599.1,25599.1,25565.9,25566.3,0.0,1766541360
25546.849609375,25619.0,25508.599609375,25615.9,0.0,1766541420
25616.7,25625.05078125,25562.55,25618.75,0.0,1766541480
25617.85,25685.25,25617.05,25676.1,0.0,1766541540
25677.1,25712.44921875,25674.65,25707.25,0.0,1766541600
25707.6,25759.69921875,25706.5,25754.0,0.0,1766541660
25754.45,25776.75,25730.8,25743.35,0.0,1766541720
25742.05,25761.55,25710.4,25757.7,0.0,1766541780
25759.7,25781.5,25738.7,25774.1,0.0,1766541840
25775.55,25775.55,25684.75,25701.2,0.0,1766541900
25703.45,25716.25,25652.8,25688.15,0.0,1766541960
25689.65,25705.2,25620.45,25652.6,0.0,1766542020
25654.55,25709.1,25632.85,25682.1,0.0,1766542080
25683.95,25739.0,25658.25,25729.45,0.0,1766542140
25732.25,25751.7,25702.15,25710.65,0.0,1766542200
25712.15,25724.45,25696.0,25704.7,0.0,1766542260
25824.599609375,25926.19921875,25809.599609375,25852.3,0.0,1766542320
25851.9,25870.15,25788.5,25834.15,0.0,1766542380
25833.55,25862.45,25819.2,25832.9,0.0,1766542440
25832.05,25887.85,25816.35,25879.6,0.0,1766542500
25879.3,25892.95,25841.75,25846.2,0.0,1766542560
25847.2,25860.7,25822.35,25842.5,0.0,1766542620
25843.0,25855.25,25829.3,25849.5,0.0,1766542680
25849.7,25860.7,25833.85,25860.1,0.0,1766542740
25859.05,25889.15,25848.75,25885.35,0.0,1766542800
25885.2,25910.25,25874.9,25890.4,0.0,1766542860
25890.35,25895.8,25852.45,25854.2,0.0,1766542920
25854.2,25868.5,25837.65,25861.05,0.0,1766542980
25860.5,25884.15,25805.8,25815.55,0.0,1766543040
25815.4,25837.2,25796.75,25821.05,0.0,1766543100
25819.5,25861.6,25819.5,25850.7,0.0,1766543160
25901.19921875,25934.349609375,25887.94921875,25903.25,0.0,1766543220
25902.95,25910.65,25873.55078125,25896.9,0.0,1766543280
25897.0,25908.1,25835.94921875,25841.4,0.0,1766543340
25841.25,25845.15,25826.30078125,25833.3,0.0,1766543400
26057.19921875,26095.69921875,25991.69921875,26080.25,0.0,1766543460
26080.2,26088.65,26040.3,26074.85,0.0,1766543520
26074.85,26099.69921875,26073.4,26073.4,0.0,1766543580
26072.8,26085.5,26047.6,26053.2,0.0,1766543640
26053.5,26077.25,26044.0,26054.15,0.0,1766543700
26054.15,26064.2,26041.9,26056.55,0.0,1766543760
26056.4,26087.05,26056.35,26072.5,0.0,1766543820
26073.4,26094.05,26069.25,26090.4,0.0,1766543880
26091.45,26104.19921875,26056.35,26057.4,0.0,1766543940
26058.1,26079.3,26038.45,26052.55,0.0,1766544000
26052.0,26055.15,26004.15,26025.15,0.0,1766544060
26025.3,26036.6,25946.19921875,25958.55,0.0,1766544120
25958.2,25969.85,25925.75,25947.8,0.0,1766544180
25946.6,25996.85,25905.44921875,25907.55,0.0,1766544240
25907.3,25918.75,25862.44921875,25870.3,0.0,1766544300
25935.099609375,25944.150390625,25840.30078125,25914.3,0.0,1766544360
25913.2,25913.3,25864.1,25885.9,0.0,1766544420
25885.6,25903.0,25821.25,25826.95,0.0,1766544480
25826.65,25840.1,25810.400390625,25823.85,0.0,1766544540
25823.65,25835.45,25795.80078125,25816.35,0.0,1766544600
25816.45,25839.4,25783.75,25837.1,0.0,1766544660
25836.9,25852.45,25815.1,25852.0,0.0,1766544720
25851.15,25874.7,25831.4,25836.85,0.0,1766544780
25838.65,25853.15,25806.0,25810.7,0.0,1766544840
25810.75,25831.1,25789.45,25792.8,0.0,1766544900
25792.8,25797.9,25721.599609375,25730.0,0.0,1766544960
25730.15,25774.4,25718.19921875,25755.4,0.0,1766545020
25755.4,25784.3,25748.4,25750.55,0.0,1766545080
25749.8,25803.35,25737.95,25794.05,0.0,1766545140
25794.7,25809.25,25787.9,25797.45,0.0,1766545200
25843.19921875,25927.25,25827.0,25921.5,0.0,1766545260
25921.7,25946.69921875,25919.75,25929.95,0.0,1766545320
25930.25,25978.849609375,25926.6,25970.25,0.0,1766545380
25969.8,25971.15,25946.75,25955.8,0.0,1766545440
25955.3,25981.69921875,25952.15,25968.2,0.0,1766545500
25968.7,25986.94921875,25955.15,25957.25,0.0,1766545560
25957.2,26005.94921875,25946.25,25993.65,0.0,1766545620
25993.85,26001.1,25957.15,25976.0,0.0,1766545680
25975.95,25983.0,25956.3,25974.4,0.0,1766545740
25974.7,25977.65,25918.4,25943.45,0.0,1766545800
25943.6,25948.95,25921.05,25947.75,0.0,1766545860
25948.0,25966.1,25936.1,25938.5,0.0,1766545920
25939.3,25984.9,25938.05,25969.35,0.0,1766545980
25970.05,25972.35,25926.75,25948.5,0.0,1766546040
25948.65,25981.0,25945.8,25974.0,0.0,1766546100
25939.94921875,26039.349609375,25929.650390625,26024.4,0.0,1766546160
26024.85,26041.69921875,25927.25,25928.65,0.0,1766546220
25928.65,25932.35,25886.55,25901.5,0.0,1766546280
25901.15,25904.35,25857.349609375,25858.25,0.0,1766546340
25857.8,25867.95,25839.849609375,25862.05,0.0,1766546400
25862.0,25894.5,25858.5,25878.05,0.0,1766546460
25877.5,25899.4,25827.0,25836.1,0.0,1766546520
25836.0,25876.2,25826.150390625,25873.95,0.0,1766546580
25872.8,25947.2,25872.25,25935.45,0.0,1766546640
25934.75,25949.05,25902.25,25939.5,0.0,1766546700
25939.85,25956.0,25869.5,25882.0,0.0,1766546760
25882.15,25900.25,25841.55,25873.7,0.0,1766546820
25872.65,25876.95,25810.05078125,25833.15,0.0,1766546880
25832.8,25921.15,25814.6,25920.15,0.0,1766546940
25917.05,25968.15,25908.15,25965.4,0.0,1766547000
25982.0,26025.05078125,25963.19921875,25965.2,0.0,1766547060
25965.7,26004.95,25960.30078125,25995.55,0.0,1766547120
25996.0,26042.5,25986.1,26040.4,0.0,1766547180
26040.9,26064.55078125,26022.0,26024.9,0.0,1766547240
26023.6,26047.6,26007.9,26014.95,0.0,1766547300
26014.85,26053.95,26011.1,26049.6,0.0,1766547360
26049.55,26061.4,26024.45,26057.65,0.0,1766547420
26057.7,26076.349609375,26048.95,26056.95,0.0,1766547480
26056.85,26084.099609375,26056.85,26073.85,0.0,1766547540
26073.9,26086.150390625,26056.95,26079.35,0.0,1766547600
26080.85,26097.85,26064.3,26069.95,0.0,1766547660
26069.55,26079.0,26038.9,26052.85,0.0,1766547720
26053.15,26082.4,26047.3,26059.5,0.0,1766547780
26059.95,26063.1,26015.3,26040.5,0.0,1766547840
26041.25,26075.5,26036.95,26068.3,0.0,1766547900
25984.400390625,26032.05078125,25931.849609375,25940.4,0.0,1766547960
25939.6,25942.35,25892.25,25914.6,0.0,1766548020
25914.15,25967.4,25914.15,25938.05,0.0,1766548080
25938.5,25942.0,25912.3,25920.1,0.0,1766548140
25919.75,25962.9,25911.95,25955.05,0.0,1766548200
25954.65,25975.0,25930.7,25931.8,0.0,1766548260
25931.75,25940.4,25902.25,25910.85,0.0,1766548320
25909.85,25927.3,25896.9,25911.4,0.0,1766548380
25911.45,25927.6,25905.8,25906.5,0.0,1766548440
25907.25,25932.35,25901.5,25905.35,0.0,1766548500
25906.2,25912.15,25864.44921875,25866.35,0.0,1766548560
25866.45,25893.65,25865.15,25889.35,0.0,1766548620
25887.75,25917.8,25872.05,25886.2,0.0,1766548680
25885.55,25911.75,25845.25,25863.55,0.0,1766548740
25865.1,25893.95,25861.9,25891.2,0.0,1766548800
25863.8,25953.75,25822.1,25941.1,0.0,1766548860
25942.15,25950.15,25887.75,25889.5,0.0,1766548920
25889.55,25892.15,25823.15,25836.55,0.0,1766548980
25836.6,25837.05,25788.6,25805.4,0.0,1766549040
25806.1,25808.8,25763.35,25787.45,0.0,1766549100
25787.65,25809.55,25773.7,25806.25,0.0,1766549160
25805.25,25828.35,25791.35,25822.25,0.0,1766549220
25822.25,25834.75,25779.9,25792.2,0.0,1766549280
25791.9,25807.95,25784.55,25794.85,0.0,1766549340
25793.4,25816.4,25790.25,25792.15,0.0,1766549400
25791.65,25792.35,25753.65,25761.35,0.0,1766549460
25760.15,25790.1,25758.8,25777.4,0.0,1766549520
25777.25,25786.4,25742.4,25774.0,0.0,1766549580
25772.85,25780.75,25721.45,25724.45,0.0,1766549640
25723.8,25736.25,25711.2,25732.55,0.0,1766549700
25732.55,25732.55,25732.55,25732.55,0.0,1766549760
25696.85,25738.75,25645.5,25709.7,40317648.0,1766549820
25709.3,25761.95,25709.3,25724.2,18804671.0,1766549880
25724.0,25730.35,25695.35,25729.3,14113620.0,1766549940
25727.5,25773.45,25718.4,25744.35,14770203.0,1766550000
25744.1,25761.75,25736.7,25757.45,15827609.0,1766550060
25757.1,25760.9,25723.85,25726.1,14699079.0,1766550120
25725.7,25737.4,25707.85,25711.8,14626413.0,1766550180
25711.1,25733.8,25697.0,25713.1,15209948.0,1766550240
25713.0,25755.95,25703.8,25755.05,11785816.0,1766550300
25754.35,25764.7,25737.55,25753.45,14498570.0,1766550360
25753.45,25770.8,25732.15,25735.7,13194971.0,1766550420
25736.4,25780.75,25726.95,25770.8,13111153.0,1766550480
25771.1,25803.1,25770.25,25778.15,16323818.0,1766550540
25777.45,25781.1,25736.55,25752.65,19189795.0,1766550600
25752.6,25785.9,25750.0,25774.3,36796599.0,1766550660
25744.75,25787.4,25694.4,25717.45,33471236.0,1766550720
25716.4,25722.25,25685.1,25716.65,15559422.0,1766550780
25716.6,25718.85,25673.9,25709.2,15089903.0,1766550840
25708.25,25717.9,25688.1,25696.35,13354353.0,1766550900
25695.9,25720.55,25677.0,25685.3,14820842.0,1766550960
25685.45,25692.05,25648.9,25662.45,14613611.0,1766551020
25661.75,25679.25,25659.8,25670.55,13520325.0,1766551080
25670.3,25690.4,25665.2,25671.95,13390092.0,1766551140
25672.35,25686.8,25657.95,25669.85,12602755.0,1766551200
25670.8,25684.7,25646.0,25660.8,12517610.0,1766551260
25660.7,25683.05,25650.0,25666.25,19788100.0,1766551320
25666.35,25667.15,25607.4,25617.05,17083523.0,1766551380
25617.05,25634.65,25592.65,25624.85,17754819.0,1766551440
25625.0,25625.7,25584.35,25596.95,30563080.0,1766551500
25597.1,25611.6,25578.4,25586.25,58467942.0,1766551560
25593.35,25679.15,25587.2,25628.9,63389605.0,1766551620
25629.3,25639.7,25599.3,25614.35,25896927.0,1766551680
25613.8,25617.2,25531.55,25536.95,20208698.0,1766551740
25537.7,25560.05,25520.75,25560.05,16181238.0,1766551800
25559.75,25575.25,25541.65,25544.15,18301702.0,1766551860
25543.6,25547.55,25525.0,25531.95,16733121.0,1766551920
25531.1,25574.4,25529.95,25555.05,16994626.0,1766551980
25554.8,25564.9,25530.55,25562.4,15439579.0,1766552040
25562.6,25608.15,25556.75,25591.1,18370738.0,1766552100
25591.65,25616.85,25561.8,25594.3,16553722.0,1766552160
25594.15,25599.95,25539.65,25541.55,15527331.0,1766552220
25541.55,25555.5,25515.95,25552.95,17097486.0,1766552280
25552.25,25560.6,25520.6,25542.25,17646295.0,1766552340
25543.9,25564.6,25513.8,25515.1,31915097.0,1766552400
25514.6,25521.45,25491.55,25519.95,53013178.0,1766552460
25433.8,25447.1,25318.45,25339.95,31279204.0,1766552520
25340.0,25391.15,25332.45,25341.5,16827395.0,1766552580
25341.9,25357.25,25331.05,25356.85,10500474.0,1766552640
25356.8,25386.55,25348.65,25370.65,13532534.0,1766552700
25371.4,25420.75,25354.2,25415.1,15440733.0,1766552760
25415.95,25471.35,25413.15,25447.15,15654473.0,1766552820
25446.95,25456.25,25425.1,25445.15,13127872.0,1766552880
25444.55,25468.7,25441.6,25461.8,11111897.0,1766552940
25462.1,25502.65,25458.2,25491.25,13560171.0,1766553000
25491.5,25499.8,25477.75,25488.45,16140909.0,1766553060
25488.45,25551.25,25488.45,25530.65,14062894.0,1766553120
25531.35,25532.1,25456.6,25474.4,15289676.0,1766553180
25474.0,25540.5,25469.3,25515.3,14967053.0,1766553240
25515.25,25518.9,25473.1,25480.0,16504593.0,1766553300
25481.65,25516.1,25474.0,25510.8,34196573.0,1766553360
25510.05,25510.05,25510.05,25510.05,1031818.0,1766553420
25503.5,25591.45,25503.5,25574.7,27268351.0,1766553480
25574.55,25595.75,25543.55,25555.6,13481197.0,1766553540
25555.55,25622.05,25552.3,25615.6,12886973.0,1766553600
25615.35,25625.25,25587.75,25604.3,12888741.0,1766553660
25604.0,25636.95,25603.25,25636.35,13773575.0,1766553720
25635.8,25651.95,25629.75,25633.0,12108176.0,1766553780
25632.75,25644.5,25618.75,25624.6,9349186.0,1766553840
25624.05,25641.9,25620.3,25634.0,10676433.0,1766553900
25633.5,25652.15,25629.7,25647.2,10546293.0,1766553960
25647.55,25653.45,25624.35,25634.75,10699664.0,1766554020
25634.4,25642.95,25579.5,25612.65,14489709.0,1766554080
25612.65,25625.3,25597.4,25618.9,12491427.0,1766554140
25620.2,25649.45,25615.45,25629.25,16625241.0,1766554200
25628.4,25631.45,25583.7,25590.35,25774042.0,1766554260
25590.95,25592.45,25562.1,25574.25,38655971.0,1766554320
25617.0,25637.6,25488.9,25513.45,37534906.0,1766554380
25512.4,25532.8,25486.65,25518.3,18075758.0,1766554440
25518.65,25537.4,25487.6,25491.9,16354612.0,1766554500
25490.8,25492.05,25449.25,25476.95,21675289.0,1766554560
25476.5,25494.05,25469.25,25470.4,13843172.0,1766554620
25469.5,25499.35,25463.2,25496.6,11321803.0,1766554680
25496.45,25556.45,25495.4,25537.35,14775221.0,1766554740
25536.95,25590.55,25529.55,25589.5,14958663.0,1766554800
25588.6,25589.5,25558.85,25567.35,13886800.0,1766554860
25568.15,25615.6,25561.5,25615.25,12340233.0,1766554920
25614.9,25668.15,25605.35,25666.45,16642810.0,1766554980
25666.1,25672.8,25622.25,25647.2,17476299.0,1766555040
25646.4,25699.9,25645.15,25655.65,22399152.0,1766555100
25655.55,25702.75,25653.7,25693.85,20797787.0,1766555160
25692.85,25715.8,25670.6,25705.55,43183323.0,1766555220
25705.55,25705.55,25705.55,25705.55,880390.0,1766555280
25834.3,25850.2,25781.15,25786.0,36082636.0,1766555340
25786.35,25864.45,25784.6,25847.3,31650236.0,1766555400
25847.5,25858.05,25829.95,25840.3,17687000.0,1766555460
25840.2,25878.0,25835.45,25876.95,17074608.0,1766555520
25876.1,25884.75,25862.95,25880.3,16777342.0,1766555580
25880.7,25900.55,25878.9,25892.35,12227405.0,1766555640
25892.4,25907.85,25886.7,25899.45,12409784.0,1766555700
25899.5,25905.55,25886.1,25902.55,10655189.0,1766555760
25902.05,25924.3,25900.2,25915.7,15593079.0,1766555820
25915.8,25928.7,25912.5,25928.15,18487893.0,1766555880
25928.2,25934.55,25903.05,25922.95,15413821.0,1766555940
25923.0,25925.1,25878.1,25893.3,14502976.0,1766556000
25893.2,25908.5,25878.2,25890.8,16365004.0,1766556060
25890.7,25898.45,25869.6,25887.4,24893083.0,1766556120
25887.6,25897.0,25853.55,25874.0,50614285.0,1766556180
25906.1,25906.8,25808.4,25840.2,50130067.0,1766556240
25841.15,25888.4,25837.3,25876.35,18538319.0,1766556300
25876.85,25915.3,25873.9,25912.45,21334457.0,1766556360
25911.7,25947.75,25911.5,25943.45,16686331.0,1766556420
25943.75,25975.95,25941.45,25962.05,14671286.0,1766556480
25962.05,25978.5,25958.05,25963.2,12409456.0,1766556540
25963.15,25984.4,25959.1,25981.95,13411389.0,1766556600
25981.95,25987.6,25962.75,25962.75,31404004.0,1766556660
25963.85,25970.2,25936.85,25969.7,26581791.0,1766556720
25970.45,25989.65,25970.45,25985.0,14154231.0,1766556780
25984.4,26010.7,25973.6,25986.0,17372433.0,1766556840
25986.3,25988.55,25871.1,25894.45,27161324.0,1766556900
25894.0,25932.85,25892.9,25911.65,29486877.0,1766556960
25911.9,25939.95,25869.85,25888.65,32498545.0,1766557020
25889.2,25903.1,25866.1,25884.1,55469173.0,1766557080
25767.9,25879.15,25766.3,25840.4,84198366.0,1766557140
25839.95,25866.75,25764.9,25774.65,15955535.0,1766557200
25774.65,25804.8,25773.4,25783.35,12209627.0,1766557260
25783.85,25837.8,25751.7,25837.4,16644005.0,1766557320
25837.45,25864.05,25814.95,25821.95,16847551.0,1766557380
25821.65,25828.0,25786.15,25789.95,12474231.0,1766557440
25789.1,25809.05,25788.3,25797.1,11274668.0,1766557500
25795.55,25839.25,25795.55,25807.6,13014510.0,1766557560
25808.95,25817.5,25792.05,25799.9,11482714.0,1766557620
25799.65,25816.7,25781.75,25807.2,12577725.0,1766557680
25805.65,25820.2,25747.0,25762.9,13499820.0,1766557740
25763.1,25777.6,25740.8,25774.4,12656770.0,1766557800
25772.85,25797.3,25757.15,25794.25,15838859.0,1766557860
25794.05,25893.55,25759.1,25886.25,71273322.0,1766557920
25887.55,25940.2,25887.55,25916.8,195813861.0,1766557980
25916.8,25916.8,25916.8,25916.8,1527713.0,1766558040
25948.2,25978.95,25906.35,25961.15,38769276.0,1766558100
25961.35,25979.8,25949.0,25954.1,20199231.0,1766558160
25954.15,25971.35,25935.75,25939.35,16155664.0,1766558220
25939.95,25950.9,25924.75,25936.25,12458527.0,1766558280
25936.4,25954.2,25934.95,25939.55,12255982.0,1766558340
25939.9,25943.35,25915.1,25943.15,14505677.0,1766558400
25943.5,25973.7,25933.7,25969.4,13359517.0,1766558460
25969.35,25978.85,25962.7,25978.35,12435588.0,1766558520
25977.45,25996.85,25976.9,25994.1,14731200.0,1766558580
25994.9,25996.9,25969.3,25972.8,11911882.0,1766558640
25973.1,26000.6,25965.65,25995.45,14325372.0,1766558700
25996.0,26023.25,25987.85,26010.5,15255842.0,1766558760
26011.2,26013.25,25980.0,26004.25,16635429.0,1766558820
26003.5,26013.15,25977.2,26010.05,20393621.0,1766558880
26010.7,26024.2,26005.1,26014.3,45447691.0,1766558940
26021.8,26029.85,25930.15,25943.3,32365989.0,1766559000
25942.1,25959.05,25881.9,25908.95,18309281.0,1766559060
25910.9,25917.65,25893.45,25898.8,19282009.0,1766559120
25898.7,25918.25,25877.1,25909.05,12914696.0,1766559180
25908.75,25946.1,25907.35,25945.2,12186543.0,1766559240
25946.05,25956.65,25924.2,25956.35,11410048.0,1766559300
25956.7,25983.2,25955.15,25967.7,11016440.0,1766559360
25968.65,25968.8,25939.85,25949.0,10992409.0,1766559420
25949.0,25956.2,25927.6,25943.4,13851323.0,1766559480
25943.55,25976.7,25943.55,25971.8,11316796.0,1766559540
25971.55,25987.8,25957.65,25974.35,14442475.0,1766559600
25973.85,25997.15,25967.75,25988.7,14954612.0,1766559660
25988.45,25994.95,25952.6,25971.2,17569993.0,1766559720
25970.55,25971.95,25918.85,25923.2,25540053.0,1766559780
25923.15,25930.35,25876.5,25894.7,50703390.0,1766559840
25918.1,25933.65,25856.2,25909.75,28120506.0,1766559900
25909.8,25927.55,25883.8,25927.15,15034152.0,1766559960
25926.4,25971.55,25925.1,25957.85,15942858.0,1766560020
25957.55,25979.15,25946.4,25967.45,14116228.0,1766560080
25967.95,25969.6,25917.8,25932.85,13889311.0,1766560140
25933.05,25972.1,25932.7,25968.9,10401404.0,1766560200
25969.25,25999.75,25968.8,25990.35,13347236.0,1766560260
25990.2,26031.7,25989.2,26025.35,10976490.0,1766560320
26024.7,26031.45,26012.3,26017.4,12780936.0,1766560380
26016.95,26038.9,26015.9,26019.9,11840809.0,1766560440
26020.6,26020.75,25987.3,26010.2,11674045.0,1766560500
26011.15,26034.0,25993.4,26033.0,16225646.0,1766560560
26033.1,26051.3,26032.55,26048.9,13838602.0,1766560620
26049.4,26074.65,26048.15,26052.15,21549172.0,1766560680
26052.25,26062.1,26041.15,26052.7,38470945.0,1766560740
26052.7,26052.7,26052.7,26052.7,1207081.0,1766560800
26132.1,26136.0,26080.5,26104.6,28467686.0,1766560860
26105.0,26105.35,26063.2,26085.05,14262455.0,1766560920
26085.55,26115.25,26082.4,26113.75,15302339.0,1766560980
26114.0,26145.05,26112.75,26138.8,12935270.0,1766561040
26138.5,26141.3,26126.05,26127.8,12075202.0,1766561100
26128.2,26148.65,26126.85,26145.75,10731362.0,1766561160
26145.75,26152.95,26125.85,26140.65,11101922.0,1766561220
26141.15,26167.6,26135.35,26164.65,14241068.0,1766561280
26164.6,26177.55,26164.0,26172.15,11151592.0,1766561340
26172.7,26191.5,26171.0,26187.55,10290004.0,1766561400
26187.75,26217.2,26186.7,26211.95,10686529.0,1766561460
26211.7,26228.2,26209.95,26224.65,10855118.0,1766561520
26224.25,26246.65,26198.8,26218.7,19056624.0,1766561580
26218.35,26223.8,26169.6,26187.2,23648050.0,1766561640
26186.55,26208.05,26173.5,26197.4,33182253.0,1766561700
26109.55,26174.0,26094.45,26147.5,26666634.0,1766561760
26147.95,26159.25,26092.1,26094.3,14066344.0,1766561820
26094.15,26096.95,26055.95,26068.15,12263751.0,1766561880
26068.0,26079.75,26059.95,26069.2,12557223.0,1766561940
26069.1,26110.55,26064.8,26099.55,9906137.0,1766562000
26100.45,26105.2,26070.95,26086.35,12656972.0,1766562060
26086.3,26110.9,26085.6,26107.55,9167471.0,1766562120
26107.35,26160.7,26107.15,26142.4,14801650.0,1766562180
26141.5,26179.2,26135.1,26166.0,12289282.0,1766562240
26166.2,26170.45,26108.35,26108.4,14228164.0,1766562300
26109.6,26126.55,26099.35,26113.6,14215171.0,1766562360
26114.15,26148.7,26108.7,26147.15,13117841.0,1766562420
26146.75,26161.7,26140.35,26145.8,12663068.0,1766562480
26146.4,26148.55,26065.75,26078.5,18979619.0,1766562540
26078.85,26080.4,26052.2,26063.95,35875694.0,1766562600
26122.8,26137.55,26077.6,26088.1,30045989.0,1766562660
26088.4,26110.9,26064.7,26107.9,14916919.0,1766562720
26108.65,26130.35,26108.65,26121.25,14682586.0,1766562780
26121.25,26142.8,26113.3,26114.1,13345962.0,1766562840
26114.4,26115.3,26088.1,26093.5,12757405.0,1766562900
26093.95,26130.95,26092.75,26117.15,11620891.0,1766562960
26117.3,26117.3,26063.2,26072.9,12510587.0,1766563020
26073.45,26089.35,26046.75,26077.6,12909993.0,1766563080
26078.4,26093.3,26068.3,26084.75,9558862.0,1766563140
26085.7,26096.05,26065.65,26091.05,11133375.0,1766563200
26093.35,26094.15,26062.8,26080.7,11123829.0,1766563260
26081.8,26086.15,26034.55,26057.15,12100463.0,1766563320
26054.65,26060.05,26018.75,26023.6,13434434.0,1766563380
26024.15,26057.75,25977.2,25977.2,63118695.0,1766563440
25977.45,25977.45,25912.15,25943.35,218991684.0,1766563500
25998.5,26005.45,25924.15,25969.5,23250204.0,1766563560
25969.4,26000.1,25952.1,25989.9,11935266.0,1766563620
25988.65,26025.5,25988.65,26010.55,11647716.0,1766563680
26010.85,26020.4,25973.05,25975.25,10778446.0,1766563740
25975.45,25976.05,25927.15,25948.8,12686710.0,1766563800
25949.0,25969.8,25942.35,25952.15,10004479.0,1766563860
25952.0,25994.75,25950.65,25988.6,13170769.0,1766563920
25988.3,25988.75,25954.35,25966.9,11593122.0,1766563980
25966.7,26002.2,25964.75,25983.9,13753192.0,1766564040
25984.05,26009.3,25969.65,26000.3,11121873.0,1766564100
26000.1,26014.85,25987.2,25999.1,13615918.0,1766564160
25998.6,26029.15,25996.2,26020.25,12938797.0,1766564220
26020.6,26032.6,25943.75,25947.35,18791287.0,1766564280
25946.7,25966.85,25868.8,25883.4,29743951.0,1766564340
25884.85,25901.85,25857.5,25860.3,52702243.0,1766564400
25842.95,26016.05,25842.95,26003.3,29738409.0,1766564460
26003.0,26093.15,26000.8,26087.25,14800284.0,1766564520
26086.65,26098.35,26061.9,26067.3,11724402.0,1766564580
26066.95,26130.9,26066.2,26106.55,11872234.0,1766564640
26106.85,26132.3,26103.95,26129.95,11143339.0,1766564700
26129.25,26139.3,26120.85,26121.5,11113536.0,1766564760
26121.05,26160.3,26116.7,26158.4,11110085.0,1766564820
26159.1,26162.35,26147.25,26161.7,10262616.0,1766564880
26160.95,26173.6,26160.15,26171.7,10731577.0,1766564940
26170.9,26195.4,26169.45,26173.15,11610015.0,1766565000
26172.9,26191.25,26151.9,26176.65,11564444.0,1766565060
26176.5,26212.8,26163.15,26197.35,17462406.0,1766565120
26197.6,26199.65,26166.05,26181.3,14835598.0,1766565180
26181.7,26206.8,26159.05,26199.4,27941931.0,1766565240
26197.65,26215.15,26192.5,26202.7,31655141.0,1766565300
26203.5,26203.5,26203.5,26203.5,778509.0,1766565360
26261.25,26295.55,26208.9,26249.55,29808009.0,1766565420
26248.3,26295.9,26223.7,26287.75,16267633.0,1766565480
26288.35,26306.95,26265.65,26279.4,13716663.0,1766565540
26280.1,26310.45,26270.75,26291.3,11540503.0,1766565600
26290.0,26304.5,26281.6,26285.1,13185618.0,1766565660
26285.25,26287.2,26262.75,26269.6,12388694.0,1766565720
26269.05,26270.35,26228.65,26239.35,11596718.0,1766565780
26240.45,26247.7,26214.95,26219.85,9153810.0,1766565840
26220.5,26256.95,26218.8,26237.65,10009155.0,1766565900
26238.85,26239.4,26151.2,26154.45,12880861.0,1766565960
26154.85,26169.5,26141.9,26161.8,13782424.0,1766566020
26162.25,26197.25,26157.85,26180.5,13510773.0,1766566080
26181.6,26222.45,26172.3,26217.1,20022367.0,1766566140
26218.1,26228.2,26173.3,26211.5,19340103.0,1766566200
26211.55,26234.2,26202.3,26219.85,31263190.0,1766566260
26237.45,26256.15,26172.4,26209.55,20517224.0,1766566320
26211.0,26262.25,26209.15,26257.15,12508382.0,1766566380
26257.05,26267.8,26218.8,26236.2,9925293.0,1766566440
26235.8,26280.75,26234.55,26271.9,10303302.0,1766566500
26271.2,26273.25,26245.15,26264.25,12008069.0,1766566560
26263.75,26264.5,26232.6,26247.95,13885133.0,1766566620
26246.95,26257.1,26232.85,26235.2,11870217.0,1766566680
26234.25,26243.4,26217.85,26237.2,9582824.0,1766566740
26236.75,26240.15,26204.0,26226.1,9419111.0,1766566800
26225.5,26227.5,26203.9,26227.5,9642274.0,1766566860
26226.25,26234.9,26203.05,26206.25,9032470.0,1766566920
26206.75,26217.1,26194.0,26200.75,9464326.0,1766566980
26200.95,26222.45,26194.9,26216.95,10454364.0,1766567040
26216.15,26219.05,26197.95,26209.15,14707255.0,1766567100
26209.15,26213.65,26191.9,26204.55,38237257.0,1766567160
26204.55,26204.55,26204.55,26204.55,1332553.0,1766567220
26325.8,26325.8,26270.35,26311.0,25879440.0,1766567280
26311.35,26314.7,26263.2,26279.75,13391560.0,1766567340
26279.75,26290.85,26268.6,26281.1,12073229.0,1766567400
26282.9,26289.55,26228.95,26229.65,8881724.0,1766567460
26230.5,26247.1,26224.15,26238.05,7679126.0,1766567520
26238.55,26261.9,26207.55,26211.75,9349667.0,1766567580
26212.35,26217.4,26173.95,26174.75,13131639.0,1766567640
26175.8,26188.55,26157.0,26160.85,9892156.0,1766567700
26162.85,26188.5,26148.95,26184.95,10293211.0,1766567760
26185.95,26195.65,26167.7,26175.45,9624769.0,1766567820
26176.15,26198.25,26164.65,26194.75,9520650.0,1766567880
26195.25,26228.95,26180.05,26213.85,15051523.0,1766567940
26214.55,26217.6,26182.4,26182.85,12687998.0,1766568000
26183.4,26187.7,26124.2,26180.55,22568535.0,1766568060
26180.9,26189.15,26166.95,26175.95,31255354.0,1766568120
26087.95,26154.6,26077.45,26108.85,31427273.0,1766568180
26109.15,26114.85,26066.15,26080.45,14498421.0,1766568240
26080.35,26082.4,26046.85,26078.8,14510122.0,1766568300
26078.6,26099.6,26069.65,26092.15,12323750.0,1766568360
26092.0,26100.5,26074.55,26081.2,11793050.0,1766568420
26081.1,26084.65,26062.3,26063.3,10503962.0,1766568480
26063.3,26069.75,26040.75,26054.85,10982909.0,1766568540
26054.55,26075.35,26047.2,26073.75,11215133.0,1766568600
26073.75,26085.1,26035.95,26041.2,9731981.0,1766568660
26041.15,26052.65,26029.95,26045.75,11194160.0,1766568720
26046.05,26046.4,26028.65,26041.5,12348294.0,1766568780
26041.25,26061.65,26036.9,26045.05,13839891.0,1766568840
26045.6,26046.75,26000.9,26013.1,17357067.0,1766568900
26014.75,26028.3,25997.85,26023.6,25229869.0,1766568960
26025.4,26060.3,26017.2,26057.0,44253518.0,1766569020
26004.9,26066.45,25922.95,25923.65,27481653.0,1766569080
25923.85,25952.8,25909.9,25912.7,15207773.0,1766569140
25912.55,25939.9,25897.4,25922.95,14638374.0,1766569200
25922.65,25930.65,25896.25,25920.2,13885888.0,1766569260
25919.85,25926.7,25900.15,25912.8,16277085.0,1766569320
25912.05,25945.15,25891.0,25930.55,16915451.0,1766569380
25930.8,25947.1,25923.55,25944.5,14629901.0,1766569440
25943.85,25966.85,25933.35,25934.95,14133980.0,1766569500
25934.65,25940.7,25916.0,25938.3,11770810.0,1766569560
25937.75,25941.85,25924.1,25927.2,10492283.0,1766569620
25926.65,25953.45,25905.95,25910.05,10851634.0,1766569680
25909.6,25955.5,25905.65,25948.35,14474165.0,1766569740
25948.6,25955.75,25918.45,25936.65,17366890.0,1766569800
25936.7,25989.75,25934.15,25973.0,18916997.0,1766569860
25972.55,26005.55,25971.8,25985.1,46629802.0,1766569920
25981.85,26029.95,25938.95,26013.45,26927358.0,1766569980
26013.4,26036.35,25999.15,26025.05,17245926.0,1766570040
26025.4,26078.95,26021.45,26078.9,15003114.0,1766570100
26078.45,26098.25,26075.15,26078.05,10568365.0,1766570160
26078.5,26087.25,26066.75,26070.3,10544483.0,1766570220
26070.45,26072.45,26023.05,26028.8,12818399.0,1766570280
26028.75,26044.1,26014.4,26032.0,15886358.0,1766570340
26032.1,26033.4,26004.85,26025.9,10227261.0,1766570400
26026.8,26030.7,25989.25,26002.4,13726910.0,1766570460
26002.45,26020.3,25991.85,26017.85,11469713.0,1766570520
26018.9,26027.6,25962.4,25978.65,13688217.0,1766570580
25979.3,26022.7,25970.05,26004.05,16113175.0,1766570640
26004.8,26020.85,25992.45,26013.75,13529950.0,1766570700
26014.8,26059.05,25988.15,26049.4,20833721.0,1766570760
26049.0,26056.1,26004.9,26017.1,37199080.0,1766570820
25999.8,26061.95,25985.35,26035.75,37434251.0,1766570880
26035.85,26092.6,26006.65,26085.15,15596656.0,1766570940
26086.0,26113.85,26036.5,26040.75,20815827.0,1766571000
26039.75,26134.15,26007.25,26130.7,15384975.0,1766571060
26129.15,26149.15,26109.85,26136.0,11396439.0,1766571120
26136.65,26156.65,26128.6,26141.6,10233963.0,1766571180
26141.3,26147.9,26121.5,26142.0,10186752.0,1766571240
26142.15,26183.0,26127.45,26180.45,9065166.0,1766571300
26180.6,26202.6,26174.9,26181.55,10924424.0,1766571360
26181.45,26200.45,26177.75,26187.6,10173278.0,1766571420
26185.6,26200.4,26177.65,26180.0,9983390.0,1766571480
26178.6,26186.5,26148.3,26165.1,14120971.0,1766571540
26165.2,26172.8,26146.0,26151.9,12059649.0,1766571600
26150.75,26186.9,26122.8,26186.9,19710875.0,1766571660
26186.0,26199.25,26176.4,26176.65,39667835.0,1766571720
26159.8,26178.7,26111.95,26120.0,30979637.0,1766571780
26118.05,26135.5,26068.5,26071.75,15087471.0,1766571840
26071.05,26109.15,26068.75,26097.8,11756918.0,1766571900
26098.0,26101.5,26079.25,26094.35,11933406.0,1766571960
26094.6,26097.2,26051.75,26059.9,11838359.0,1766572020
26060.1,26077.85,26041.95,26067.7,12800850.0,1766572080
26067.7,26074.05,26043.9,26048.4,10684431.0,1766572140
26047.9,26053.15,26013.2,26015.7,13913714.0,1766572200
26015.45,26027.9,26006.4,26012.65,12328245.0,1766572260
26012.85,26040.8,25965.25,25971.4,15308681.0,1766572320
25971.7,25972.45,25902.95,25936.6,15876813.0,1766572380
25936.5,25943.2,25908.45,25914.4,14769669.0,1766572440
25914.05,25933.25,25892.25,25912.5,20322339.0,1766572500
25912.9,25978.95,25909.8,25970.8,26146198.0,1766572560
25969.7,25984.1,25918.2,25932.8,42934808.0,1766572620
25867.1,25890.95,25754.65,25764.0,32067149.0,1766572680
25764.35,25773.1,25728.0,25751.6,16226852.0,1766572740
25751.9,25848.85,25750.55,25822.35,21518369.0,1766572800
25825.9,25827.35,25778.85,25797.55,13609782.0,1766572860
25798.35,25871.2,25794.95,25866.5,12584380.0,1766572920
25866.55,25875.45,25823.2,25823.2,12195847.0,1766572980
25823.75,25899.95,25817.8,25890.55,13045792.0,1766573040
25890.15,25923.65,25883.4,25895.25,12861658.0,1766573100
25896.35,25900.55,25852.0,25863.85,11018890.0,1766573160
25864.2,25889.0,25855.5,25878.85,9457960.0,1766573220
25879.65,25907.4,25874.45,25894.2,10784016.0,1766573280
25895.0,25903.5,25866.5,25884.65,11710179.0,1766573340
25886.1,25886.1,25801.6,25825.85,17376656.0,1766573400
25827.15,25855.6,25811.55,25840.05,25152424.0,1766573460
25842.0,25851.85,25824.45,25841.75,54082790.0,1766573520
25864.05,25913.3,25832.65,25908.5,21614658.0,1766573580
25909.1,25920.2,25876.65,25902.35,10585006.0,1766573640
25902.65,25947.65,25900.35,25918.9,9469432.0,1766573700
25919.25,25938.8,25856.65,25859.4,10643250.0,1766573760
25859.8,25880.8,25822.35,25869.55,13108341.0,1766573820
25870.05,25876.9,25831.7,25839.25,10254262.0,1766573880
25840.25,25859.95,25817.35,25834.55,9708086.0,1766573940
25834.35,25839.35,25790.0,25791.7,8238413.0,1766574000
25791.3,25798.15,25768.0,25793.2,8853999.0,1766574060
25793.4,25832.0,25788.05,25829.7,9980333.0,1766574120
25829.9,25850.2,25815.7,25818.25,10065010.0,1766574180
25818.25,25820.95,25750.15,25758.5,17129612.0,1766574240
25758.45,25788.7,25734.55,25763.4,16856469.0,1766574300
25762.65,25776.9,25739.4,25762.15,15869735.0,1766574360
25762.65,25769.9,25742.65,25742.65,33031949.0,1766574420
25771.4,25803.05,25719.0,25721.45,26572948.0,1766574480
25719.55,25741.7,25693.25,25739.0,12816738.0,1766574540
25738.45,25822.05,25733.4,25808.65,15306932.0,1766574600
25811.1,25844.5,25802.7,25821.6,11749090.0,1766574660
25822.0,25822.7,25764.5,25813.25,14914774.0,1766574720
25813.55,25836.95,25813.3,25833.7,9107254.0,1766574780
25833.6,25889.9,25819.45,25882.15,9698979.0,1766574840
25882.1,25919.2,25869.0,25896.2,9037141.0,1766574900
25896.95,25903.4,25877.15,25879.0,8311861.0,1766574960
25879.05,25887.4,25840.8,25860.4,9012771.0,1766575020
25862.1,25894.5,25850.55,25892.55,8939988.0,1766575080
25892.7,25901.85,25860.6,25866.2,8888587.0,1766575140
25863.25,25922.8,25863.25,25900.7,13081839.0,1766575200
25900.55,25904.95,25848.25,25899.6,17170743.0,1766575260
25900.05,25907.8,25891.05,25898.4,29549354.0,1766575320
25971.2,26038.4,25963.1,26033.4,26250914.0,1766575380
26033.75,26035.75,25996.3,26001.65,13421766.0,1766575440
26002.0,26008.25,25938.45,25960.3,11535040.0,1766575500
25959.95,25983.45,25949.75,25962.7,11066973.0,1766575560
25963.0,26000.25,25949.15,25992.05,9947897.0,1766575620
25991.8,26020.95,25991.2,26014.65,10328183.0,1766575680
26014.15,26037.85,26008.75,26016.1,12708440.0,1766575740
26017.0,26034.2,25998.95,26033.0,8690227.0,1766575800
26034.3,26037.85,26011.85,26022.4,11224187.0,1766575860
26023.4,26035.8,26009.05,26021.2,10528981.0,1766575920
26021.1,26031.15,26008.95,26030.3,9328060.0,1766575980
26030.4,26056.3,26021.2,26042.9,12829735.0,1766576040
26043.15,26045.5,26018.7,26022.95,11259573.0,1766576100
26023.15,26050.2,26015.8,26041.15,16491452.0,1766576160
26041.85,26057.6,26037.15,26043.0,38880106.0,1766576220
25930.05,26007.2,25910.25,25928.15,26276744.0,1766576280
25926.5,25959.05,25904.75,25954.55,10737033.0,1766576340
25953.7,25978.1,25937.5,25976.05,9575738.0,1766576400
25976.1,25996.0,25946.95,25992.35,9400337.0,1766576460
25992.7,25997.55,25974.55,25976.4,11253901.0,1766576520
25976.85,25995.55,25961.55,25971.0,8281524.0,1766576580
25971.2,26028.25,25969.85,26019.5,8933532.0,1766576640
26019.25,26027.65,26011.45,26025.6,7432219.0,1766576700
26025.85,26029.95,26003.45,26016.0,7339690.0,1766576760
26016.2,26045.0,26015.35,26034.95,8202987.0,1766576820
26034.65,26036.25,26023.4,26032.9,7969700.0,1766576880
26032.85,26038.05,25990.15,26009.85,10105049.0,1766576940
26009.5,26020.35,26007.4,26013.25,9951173.0,1766577000
26014.8,26047.15,26012.45,26024.3,15897554.0,1766577060
26024.1,26035.8,26013.35,26014.0,25888746.0,1766577120
26014.0,26014.0,26014.0,26014.0,765635.0,1766577180
